<?xml version="1.0" ?>
<LOG_ROOT>
	<PROJECT NAME="FPGA">
		<CBX_INST_ENTRY INSTANCE_NAME="|FPGA|lpm_divide:Div0" CBX_FILE_NAME="lpm_divide_alm.tdf"/>
		<CBX_INST_ENTRY INSTANCE_NAME="|FPGA|lpm_mult:Mult0|mult_0jt:auto_generated|alt_mac_out:mac_out2" CBX_FILE_NAME="mac_out_sv82.tdf"/>
		<CBX_INST_ENTRY INSTANCE_NAME="|FPGA|lpm_mult:Mult6|mult_0jt:auto_generated|alt_mac_mult:mac_mult3|lpm_mult:mult|multcore:mult_core|mpar_add:padder|mpar_add:sub_par_add|lpm_add_sub:adder[0]" CBX_FILE_NAME="add_sub_qgh.tdf"/>
		<CBX_INST_ENTRY INSTANCE_NAME="|FPGA|lpm_mult:Mult7|mult_7jt:auto_generated|alt_mac_out:mac_out4" CBX_FILE_NAME="mac_out_ev82.tdf"/>
		<CBX_INST_ENTRY INSTANCE_NAME="|FPGA|lpm_mult:Mult8|mult_5jt:auto_generated|alt_mac_mult:mac_mult1" CBX_FILE_NAME="mac_mult_f1h1.tdf"/>
		<CBX_INST_ENTRY INSTANCE_NAME="|FPGA|mt:scoreMem|altsyncram:altsyncram_component" CBX_FILE_NAME="altsyncram_csn1.tdf"/>
		<CBX_INST_ENTRY INSTANCE_NAME="|FPGA|RAM:RAM_inst|altsyncram:altsyncram_component" CBX_FILE_NAME="altsyncram_vcg1.tdf"/>
		<CBX_INST_ENTRY INSTANCE_NAME="|FPGA|lpm_mult:Mult5" CBX_FILE_NAME="mult_0jt.tdf"/>
		<CBX_INST_ENTRY INSTANCE_NAME="|FPGA|lpm_mult:Mult7|mult_7jt:auto_generated|alt_mac_mult:mac_mult1" CBX_FILE_NAME="mac_mult_h1h1.tdf"/>
		<CBX_INST_ENTRY INSTANCE_NAME="|FPGA|lpm_mult:Mult0|mult_0jt:auto_generated|alt_mac_out:mac_out4" CBX_FILE_NAME="mac_out_gv82.tdf"/>
		<CBX_INST_ENTRY INSTANCE_NAME="|FPGA|lpm_mult:Mult6" CBX_FILE_NAME="mult_0jt.tdf"/>
		<CBX_INST_ENTRY INSTANCE_NAME="|FPGA|lpm_mult:Mult0|mult_0jt:auto_generated|alt_mac_mult:mac_mult1" CBX_FILE_NAME="mac_mult_j1h1.tdf"/>
		<CBX_INST_ENTRY INSTANCE_NAME="|FPGA|lpm_mult:Mult7" CBX_FILE_NAME="mult_7jt.tdf"/>
		<CBX_INST_ENTRY INSTANCE_NAME="|FPGA|lpm_mult:Mult9|mult_9kt:auto_generated|alt_mac_mult:mac_mult3|lpm_mult:mult|multcore:mult_core|mpar_add:padder|lpm_add_sub:adder[0]" CBX_FILE_NAME="add_sub_qgh.tdf"/>
		<CBX_INST_ENTRY INSTANCE_NAME="|FPGA|lpm_mult:Mult9|mult_9kt:auto_generated|alt_mac_out:mac_out2" CBX_FILE_NAME="mac_out_uv82.tdf"/>
		<CBX_INST_ENTRY INSTANCE_NAME="|FPGA|lpm_mult:Mult0" CBX_FILE_NAME="mult_0jt.tdf"/>
		<CBX_INST_ENTRY INSTANCE_NAME="|FPGA|lpm_mult:Mult8" CBX_FILE_NAME="mult_5jt.tdf"/>
		<CBX_INST_ENTRY INSTANCE_NAME="|FPGA|lpm_mult:Mult5|mult_0jt:auto_generated|alt_mac_mult:mac_mult3|lpm_mult:mult|multcore:mult_core|mpar_add:padder|lpm_add_sub:adder[0]" CBX_FILE_NAME="add_sub_pgh.tdf"/>
		<CBX_INST_ENTRY INSTANCE_NAME="|FPGA|lpm_mult:Mult5|mult_0jt:auto_generated|alt_mac_out:mac_out2" CBX_FILE_NAME="mac_out_sv82.tdf"/>
		<CBX_INST_ENTRY INSTANCE_NAME="|FPGA|lpm_mult:Mult8|mult_5jt:auto_generated|alt_mac_mult:mac_mult3|lpm_mult:mult|multcore:mult_core|mpar_add:padder|lpm_add_sub:adder[0]" CBX_FILE_NAME="add_sub_gfh.tdf"/>
		<CBX_INST_ENTRY INSTANCE_NAME="|FPGA|lpm_mult:Mult8|mult_5jt:auto_generated|alt_mac_out:mac_out2" CBX_FILE_NAME="mac_out_ov82.tdf"/>
		<CBX_INST_ENTRY INSTANCE_NAME="|FPGA|lpm_mult:Mult9" CBX_FILE_NAME="mult_9kt.tdf"/>
		<CBX_INST_ENTRY INSTANCE_NAME="|FPGA|lpm_mult:Mult9|mult_9kt:auto_generated|alt_mac_mult:mac_mult3|lpm_mult:mult|multcore:mult_core|mpar_add:padder|mpar_add:sub_par_add|lpm_add_sub:adder[0]" CBX_FILE_NAME="add_sub_rgh.tdf"/>
		<CBX_INST_ENTRY INSTANCE_NAME="|FPGA|lpm_mult:Mult9|mult_9kt:auto_generated|alt_mac_out:mac_out4" CBX_FILE_NAME="mac_out_iv82.tdf"/>
		<CBX_INST_ENTRY INSTANCE_NAME="|FPGA|lpm_mult:Mult6|mult_0jt:auto_generated|alt_mac_mult:mac_mult3|lpm_mult:mult|multcore:mult_core|mpar_add:padder|lpm_add_sub:adder[0]" CBX_FILE_NAME="add_sub_pgh.tdf"/>
		<CBX_INST_ENTRY INSTANCE_NAME="|FPGA|lpm_mult:Mult6|mult_0jt:auto_generated|alt_mac_out:mac_out2" CBX_FILE_NAME="mac_out_sv82.tdf"/>
		<CBX_INST_ENTRY INSTANCE_NAME="|FPGA|lpm_mult:Mult7|mult_7jt:auto_generated|alt_mac_mult:mac_mult3|lpm_mult:mult|multcore:mult_core|mpar_add:padder|lpm_add_sub:adder[0]" CBX_FILE_NAME="add_sub_hfh.tdf"/>
		<CBX_INST_ENTRY INSTANCE_NAME="|FPGA|lpm_mult:Mult7|mult_7jt:auto_generated|alt_mac_out:mac_out2" CBX_FILE_NAME="mac_out_qv82.tdf"/>
		<CBX_INST_ENTRY INSTANCE_NAME="|FPGA|lpm_mult:Mult9|mult_9kt:auto_generated|alt_mac_mult:mac_mult1" CBX_FILE_NAME="mac_mult_s2h1.tdf"/>
		<CBX_INST_ENTRY INSTANCE_NAME="|FPGA|lpm_mult:Mult5|mult_0jt:auto_generated|alt_mac_mult:mac_mult3|lpm_mult:mult|multcore:mult_core|mpar_add:padder|mpar_add:sub_par_add|lpm_add_sub:adder[0]" CBX_FILE_NAME="add_sub_qgh.tdf"/>
		<CBX_INST_ENTRY INSTANCE_NAME="|FPGA|lpm_mult:Mult5|mult_0jt:auto_generated|alt_mac_out:mac_out4" CBX_FILE_NAME="mac_out_gv82.tdf"/>
		<CBX_INST_ENTRY INSTANCE_NAME="|FPGA|lpm_mult:Mult8|mult_5jt:auto_generated|alt_mac_mult:mac_mult3|lpm_mult:mult|multcore:mult_core|mpar_add:padder|mpar_add:sub_par_add|lpm_add_sub:adder[0]" CBX_FILE_NAME="add_sub_hfh.tdf"/>
		<CBX_INST_ENTRY INSTANCE_NAME="|FPGA|lpm_mult:Mult8|mult_5jt:auto_generated|alt_mac_out:mac_out4" CBX_FILE_NAME="mac_out_cv82.tdf"/>
		<CBX_INST_ENTRY INSTANCE_NAME="|FPGA|pll:pll_inst|altpll:altpll_component" CBX_FILE_NAME="pll_altpll.v"/>
		<CBX_INST_ENTRY INSTANCE_NAME="|FPGA|untitled:buffer|altsyncram:altsyncram_component" CBX_FILE_NAME="altsyncram_tvh1.tdf"/>
		<CBX_INST_ENTRY INSTANCE_NAME="|FPGA|lpm_mult:Mult0|mult_0jt:auto_generated|alt_mac_mult:mac_mult3|lpm_mult:mult|multcore:mult_core|mpar_add:padder|lpm_add_sub:adder[0]" CBX_FILE_NAME="add_sub_pgh.tdf"/>
		<CBX_INST_ENTRY INSTANCE_NAME="|FPGA|lpm_mult:Mult5|mult_0jt:auto_generated|alt_mac_mult:mac_mult1" CBX_FILE_NAME="mac_mult_j1h1.tdf"/>
		<CBX_INST_ENTRY INSTANCE_NAME="|FPGA|lpm_mult:Mult6|mult_0jt:auto_generated|alt_mac_out:mac_out4" CBX_FILE_NAME="mac_out_gv82.tdf"/>
		<CBX_INST_ENTRY INSTANCE_NAME="|FPGA|lpm_mult:Mult7|mult_7jt:auto_generated|alt_mac_mult:mac_mult3|lpm_mult:mult|multcore:mult_core|mpar_add:padder|mpar_add:sub_par_add|lpm_add_sub:adder[0]" CBX_FILE_NAME="add_sub_pgh.tdf"/>
		<CBX_INST_ENTRY INSTANCE_NAME="|FPGA|lpm_mult:Mult6|mult_0jt:auto_generated|alt_mac_mult:mac_mult1" CBX_FILE_NAME="mac_mult_j1h1.tdf"/>
		<CBX_INST_ENTRY INSTANCE_NAME="|FPGA|lpm_mult:Mult0|mult_0jt:auto_generated|alt_mac_mult:mac_mult3|lpm_mult:mult|multcore:mult_core|mpar_add:padder|mpar_add:sub_par_add|lpm_add_sub:adder[0]" CBX_FILE_NAME="add_sub_qgh.tdf"/>
	</PROJECT>
</LOG_ROOT>
